1671824458.png,0
1671824460.png,0
1671824462.png,0
1671824464.png,0
1671824466.png,0
1671824468.png,1
1671824470.png,1
1671824472.png,1
1671824474.png,1
1671824476.png,1
1671824478.png,1
1671824482.png,2
1671824484.png,2
1671824486.png,2
1671824488.png,2
1671824490.png,2
1671824492.png,2
1671824494.png,2
1671824496.png,2
1671824498.png,2
1671824502.png,2
1671824504.png,2
1671824508.png,2
1671824510.png,2
1671824511.png,2
1671824518.png,3
1671824520.png,4
1671824522.png,4
1671824524.png,4
1671824530.png,4
1671824534.png,4
1671824536.png,4
1671824540.png,4
1671824542.png,4
1671824544.png,4
1671824548.png,4
1671824550.png,4
1671824552.png,4
1671824554.png,4
1671824556.png,5
1671824558.png,5
1671824560.png,5
1671824562.png,6
1671824564.png,7
1671824570.png,7
1671824576.png,7
1671824578.png,7
1671824580.png,7
1671824582.png,7
1671824593.png,7
1671824595.png,8
1671824598.png,9
1671824600.png,9
1671824602.png,9
1671824604.png,9
1671824606.png,10
1671824608.png,11
1671824612.png,12
1671824616.png,13
1671824618.png,14
1671824620.png,14
1671824622.png,14
1671824624.png,14
1671824628.png,15
1671824632.png,15
1671824634.png,15
1671824640.png,15
1671824642.png,15
1671824644.png,16
1671824646.png,17
1671824648.png,17
1671824650.png,17
1671824652.png,17
1671824654.png,17
1671824656.png,18
1671824658.png,19
1671824660.png,19
1671824662.png,19
1671824664.png,19
1671824666.png,19
1671824668.png,19
1671824670.png,19
1671824672.png,19
1671824674.png,19
1671824678.png,19
1671824680.png,19
1671824684.png,19
1671824688.png,19
1671824698.png,20
1671824700.png,21
1671824702.png,22
1671824706.png,22
1671824708.png,22
1671824710.png,22
1671824712.png,22
1671824714.png,22
1671824716.png,22
1671824720.png,22
1671824722.png,22
1671824724.png,23
1671824726.png,24
1671824730.png,24
1671824732.png,24
1671824734.png,24
1671824740.png,24
1671824742.png,24
1671824745.png,24
1671824748.png,24
1671824750.png,24
1671824752.png,24
1671824754.png,24
1671824756.png,24
1671824758.png,24
1671824760.png,24
1671824762.png,24
1671824764.png,25
1671824768.png,25
1671824770.png,26
1671824774.png,27
1671824776.png,28
1671824780.png,28
1671824782.png,28
1671824784.png,28
1671824786.png,28
1671824790.png,28
1671824792.png,28
1671824794.png,28
1671824796.png,28
1671824799.png,28
1671824802.png,28
1671824805.png,28
1671824812.png,28
1671824814.png,28
1671824816.png,28
1671824818.png,28
1671824820.png,28
1671824822.png,28
1671824824.png,28
1671824826.png,28
1671824828.png,28
1671824830.png,28
1671824832.png,28
1671824834.png,28
1671824836.png,28
1671824838.png,28
1671824850.png,29
1671824852.png,29
1671824854.png,29
1671824858.png,29
1671824860.png,29
1671824868.png,29
1671824872.png,29
1671824875.png,29
1671824878.png,29
1671824880.png,29
1671824882.png,29
1671824884.png,30
1671824886.png,31
1671824889.png,31
1671824892.png,32
1671824894.png,32
1671824896.png,33
1671824898.png,34
1671824908.png,35
1671824912.png,35
1671824914.png,35
1671824918.png,35
1671824926.png,35
1671824928.png,35
1671824930.png,35
1671824936.png,35
1671824938.png,35
1671824940.png,35
1671824942.png,35
1671824944.png,35
1671824946.png,35
1671824948.png,35
1671824950.png,35
1671824968.png,35
1671824970.png,35
1671824972.png,35
1671824974.png,36
1671824976.png,36
1671824980.png,36
1671824982.png,37
1671824984.png,38
1671824986.png,39
1671824988.png,39
1671824990.png,40
1671824994.png,41
1671824996.png,41
1671824998.png,42
1671825000.png,42
1671825002.png,42
1671825004.png,42
1671825006.png,42
1671825010.png,42
1671825012.png,42
1671825014.png,42
1671825016.png,42
1671825020.png,42
1671825022.png,42
1671825024.png,42
1671825028.png,42
1671825032.png,42
1671825034.png,42
1671825036.png,42
1671825040.png,43
1671825122.png,43
1671825124.png,44
1671825126.png,44
1671825129.png,44
1671825132.png,45
1671825136.png,46
1671825138.png,46
1671825140.png,47
1671825142.png,47
1671825146.png,48
1671825148.png,48
1671825152.png,49
1671825154.png,50
1671825156.png,50
1671825159.png,51
1671825170.png,52
1671825180.png,53
1671825182.png,54
1671825184.png,55
1671825186.png,56
1671825188.png,56
1671825194.png,56
1671825196.png,57
1671825198.png,57
1671825202.png,57
1671825204.png,58
1671825206.png,59
1671825208.png,60
1671825212.png,61
1671825214.png,61
1671825216.png,61
1671825218.png,61
1671825220.png,61
1671825222.png,61
1671825224.png,61
1671825226.png,61
1671825228.png,61
1671825230.png,61
1671825232.png,61
1671825234.png,61
1671825238.png,61
1671825240.png,61
1671825242.png,61
1671825244.png,61
1671825248_offline.png,61
1671825250.png,61
1671825252.png,62
1671825256.png,62
1671825258.png,63
1671825262.png,64
1671825264.png,64
1671825266.png,64
1671825268.png,64
1671825272.png,64
1671825274.png,64
1671825276.png,64
1671825278.png,64
1671825280.png,64
1671825282.png,64
1671825286.png,64
1671825288.png,64
1671825292.png,64
1671825294.png,64
1671825296.png,64
1671825298.png,64
1671825300.png,65
1671825302.png,65
1671825305.png,66
1671825308.png,67
1671825310.png,68
1671825314.png,69
1671825316.png,69
1671825320.png,70
1671825324.png,70
1671825326.png,70
1671825328.png,70
1671825330.png,70
1671825332.png,70
1671825334.png,70
1671825336.png,70
1671825338.png,70
1671825340.png,70
1671825342.png,70
1671825344.png,70
1671825348.png,70
1671825350.png,70
1671825352.png,70
1671825354.png,70
1671825434.png,71
1671825436.png,72
1671825438.png,73
1671825440.png,73
1671825442.png,74
1671825444.png,75
1671825446.png,76
1671825448.png,77
1671825450.png,77
1671825452.png,78
1671825454.png,79
1671825456.png,80
1671825458.png,81
1671825460.png,82
1671825462.png,83
1671825464.png,83
1671825466.png,84
1671825468.png,84
1671825470.png,84
1671825472.png,84
1671825474.png,85
1671825476.png,86
1671825478.png,87
1671825480.png,87
1671825482.png,87
1671825484.png,87
1671825486.png,87
1671825488.png,88
1671825490.png,89
1671825492.png,90
1671825494.png,91
1671825524.png,92
1671825526.png,92
1671825528.png,92
1671825530.png,92
1671825532.png,93
1671825534.png,93
1671825536.png,94
1671825538.png,94
1671825540.png,94
1671825542.png,94
1671825544.png,94
1671825546.png,94
1671825548.png,94
1671825550.png,94
1671825552.png,95
1671825556_offline.png,96
1671825560_offline.png,97
1671825564_offline.png,97
1671825566.png,97
1671825568.png,98
1671825570.png,98
1671825572.png,99
1671825576_offline.png,99
1671825578.png,100
1671825580.png,101
1671825582.png,102
1671825584.png,103
1671825586.png,103
1671825590_offline.png,103
1671825594_offline.png,103
1671825596.png,104
1671825598_offline.png,104
1671825602_offline.png,104
1671825604.png,105
1671825608_offline.png,106
1671825612_offline.png,107
1671825616_offline.png,107
1671825620_offline.png,107
1671825622.png,107
1671825624.png,108
1671825626.png,108
1671825628.png,108
1671825630.png,109
1671825632.png,110
1671825634.png,111
1671825638_offline.png,111
1671825642_offline.png,111
1671825646_offline.png,111
1671825650_offline.png,111
1671825652.png,112
1671825654_offline.png,112
1671825658_offline.png,113
1671825662_offline.png,113
1671825664.png,114
1671825666_offline.png,114
1671825668.png,114
1671825670.png,114
1671825672.png,114
1671825674.png,114
1671825676.png,114
1671825680_offline.png,114
1671825682.png,114
1671825684.png,114
1671825686.png,114
1671825688.png,114
1671825692_offline.png,114
1671825696_offline.png,114
1671825700_offline.png,114
1671825702.png,115
1671825704.png,116
1671825706.png,116
1671825708.png,116
1671825710.png,116
1671825712.png,116
1671825714.png,116
1671825716.png,116
1671825718.png,116
1671825720.png,116
1671825724_offline.png,116
1671825726.png,116
1671825728.png,116
1671825732_offline.png,116
1671825734.png,117
1671825736.png,118
1671825738.png,119
1671825740.png,119
1671825742.png,119
1671825744.png,119
1671825746.png,119
1671825748.png,119
1671825750.png,119
1671825752.png,119
1671825754.png,119
1671825756.png,119
1671825758.png,119
1671825760.png,119
1671825762.png,119
1671825764.png,119
1671825766.png,119
1671825768.png,119
1671825770.png,119
1671825772.png,119
1671825774.png,119
1671825776.png,119
1671825778.png,119
1671825780.png,119
1671825782.png,119
1671825784.png,119
1671825786.png,119
1671825788.png,119
1671825790.png,119
1671825792.png,119
1671825794.png,119
1671825796.png,119
1671825798.png,119
1671825800.png,119
1671825802.png,119
1671825804.png,119
1671825806.png,119
1671825808.png,119
1671825810.png,119
1671825812.png,119
1671825814.png,119
1671825816.png,120
1671825817.png,120
1671825819.png,120
1671825821.png,120
1671825823.png,120
1671825825.png,120
1671825827.png,121
1671825829.png,122
1671825831.png,123
1671825833.png,123
1671825835.png,123
1671825837.png,123
1671825839.png,123
1671825841.png,124
1671825843.png,125
1671825845.png,126
1671825847.png,126
1671825849.png,126
1671825851.png,126
1671825853.png,126
1671825855.png,126
1671825857.png,126
1671825859.png,126
1671825861.png,126
1671825863.png,126
1671825865.png,126
1671825867.png,126
1671825869.png,126
1671825871.png,126
1671825873.png,126
1671825875.png,126
1671825877.png,126
1671825879.png,126
1671825881.png,126
1671825883.png,126
1671825885.png,127
1671825887.png,128
1671825889.png,129
1671825891.png,130
1671825893.png,131
1671825895.png,131
1671825897.png,131
1671825899.png,131
1671825901.png,131
1671825905.png,131
1671825907.png,131
1671825909.png,131
1671825911.png,131
1671825913.png,131
1671825915.png,131
1671825917.png,131
1671825919.png,132
1671825921.png,133
1671824454.png,134
1671824456.png,134
1671824690.png,134
1671824691.png,135
1671824694.png,136
1671824696.png,136
1671824840.png,136
1671824844.png,136
1671824846.png,137
1671824848.png,137
1671824952.png,137
1671824955.png,137
1671824958.png,138
1671824960.png,139
1671824962.png,139
1671824964.png,139
1671824966.png,140