1656292766.png,0
1656292768.png,0
1656292770.png,0
1656292774.png,0
1656292776.png,0
1656292778.png,0
1656292780.png,0
1656292782.png,0
1656292784.png,0
1656292786.png,0
1656292788.png,0
1656292790.png,0
1656292792.png,0
1656292794.png,0
1656292796.png,0
1656292798.png,0
1656292800.png,0
1656292802.png,0
1656292804.png,0
1656292806.png,0
1656292808.png,0
1656292810.png,0
1656292812.png,0
1656292828.png,0
1656292830.png,0
1656292833_offline.png,0
1656292834.png,0
1656292836.png,0
1656292838.png,0
1656292842.png,0
1656292844.png,0
1656292846.png,0
1656292848.png,0
1656292906.png,0
1656292908.png,0
1656292910.png,0
1656292912.png,0
1656292914.png,0
1656292916.png,0
1656292918.png,0
1656292920.png,0
1656292922.png,0
1656292924.png,0
1656292926.png,0
1656292928.png,0
1656292930.png,0
1656292932.png,0
1656292934.png,0
1656292937_offline.png,0
1656292938.png,0
1656292940.png,0
1656292942.png,0
1656292944.png,0
1656292946.png,0
1656292948.png,0
1656292950.png,0
1656292952.png,0
1656292954.png,0
1656292956.png,0
1656292958.png,0
1656292960.png,0
1656292962.png,0
1656292964.png,0
1656292966.png,0
1656292968.png,0
1656292970.png,0
1656292972.png,0
1656292974.png,0
1656292976.png,0
1656292978.png,0
1656292980.png,0
1656292982.png,0
1656292984.png,0
1656292986.png,0
1656292988.png,0
1656292990.png,0
1656292992.png,0
1656292994.png,0
1656292996.png,0
1656292998.png,0
1656293000.png,0
1656293002.png,0
1656293004.png,0
1656293006.png,0
1656293008.png,0
1656293010.png,0
1656293012.png,0
1656293014.png,0
1656293016.png,0
1656293018.png,0
1656293020.png,0
1656293022.png,0
1656293024.png,0
1656293026.png,0
1656293028.png,0
1656293030.png,0
1656293032.png,0
1656293034.png,0
1656293036.png,0
1656293038.png,0
1656293040.png,0
1656293042.png,0
1656293044.png,0
1656293046.png,0
1656293047.png,0
1656293049.png,0
1656293051.png,0
1656293053.png,0
1656293067.png,0
1656293069.png,0
1656293071.png,0
1656293073.png,0
1656293075.png,0
1656293077.png,0
1656293079.png,0
1656293081.png,0
1656293083.png,0
1656293085.png,0
1656293087.png,0
1656293089.png,0
1656293091.png,0
1656293093.png,0
1656293095.png,0
1656293097.png,0
1656293099.png,0
1656293100_offline.png,0
1656293102.png,0
1656293104.png,0
1656293106.png,0
1656293108.png,0
1656293110.png,0
1656293113_offline.png,0
1656293114.png,0
1656293116.png,0
1656293118.png,0
1656293120.png,0
1656293122.png,0
1656293124.png,0
1656293126.png,0
1656293128.png,0
1656293130.png,0
1656293132.png,0
1656293134.png,0
1656293136.png,0
1656293138.png,0
1656293140.png,0
1656293142.png,0
1656293144.png,0
1656293146.png,0
1656293148.png,0
1656293150.png,0
1656293152.png,0
1656293154.png,0
1656293156.png,0
1656293158.png,0
1656293160.png,0
1656293162.png,0
1656293164.png,0
1656293166.png,0
1656293168.png,0
1656293170.png,0
1656293172.png,0
1656293174.png,0
1656293176.png,0
1656293178.png,0
1656293180.png,0
1656293183_offline.png,0
1656293185.png,0
1656293187.png,0
1656293189.png,0
1656293191.png,0
1656293193.png,0
1656293195.png,0
1656293197.png,0
1656293199.png,0
1656293201.png,0
1656293203.png,0
1656293205.png,0
1656293207.png,0
1656293209.png,0
1656293211.png,0
1656293213.png,0
1656293215.png,0
1656293218_offline.png,0
1656293220.png,0
1656293222.png,0
1656293224.png,0
1656293226.png,0
1656293228.png,0
1656293230.png,0
1656293232.png,0
1656293234.png,0
1656293236.png,0
1656293238.png,0
1656293240.png,0
1656293242.png,0
1656293244.png,0
1656293246.png,0
1656293248.png,0
1656293250.png,0
1656293252.png,0
1656293254.png,0
1656293256.png,0
1656293258.png,0
1656293260.png,0
1656293262.png,0
1656293264.png,0
1656293266.png,0
1656293268.png,0
1656293270.png,0
1656293272.png,0
1656293274.png,0
1656293276.png,0
1656293278.png,0
1656293280.png,0
1656293282.png,0
1656293284.png,0
1656293287_offline.png,0
1656293288.png,0
1656293290.png,0
1656293292.png,0
1656293294.png,0
1656293296.png,0
1656293298.png,0
1656293300.png,0
1656293302.png,0
1656293304.png,0
1656293306.png,0
1656293308.png,0
1656293310.png,0
1656293312.png,0
1656293314.png,0
1656293315.png,0
1656293317.png,0
1656293319.png,0
1656293321.png,0
1656293323.png,0
1656293325.png,0
1656293327.png,0
1656293329.png,0
1656293331.png,0
1656293333.png,0
1656293335.png,0
1656293337.png,0
1656293339.png,0
1656293341.png,0
1656293343.png,0
1656293345.png,0
1656293347.png,0
1656293349.png,0
1656293351.png,0
1656293353.png,0
1656293355.png,0
1656293357.png,0
1656293359.png,0
1656293361.png,0
1656293363.png,0
1656293365.png,0
1656293367.png,0
1656293369.png,0
1656293371.png,0
1656293373.png,0
1656293375.png,0
1656293377_offline.png,0
1656293378.png,0
1656293380.png,0
1656293382.png,0
1656293385.png,0
1656293387.png,0
1656293389.png,0
1656293392_offline.png,0
1656293393.png,0
1656293395.png,0
1656293398.png,0
1656293402.png,0
1656293405.png,0
1656293407.png,0
1656293409.png,0
1656293411.png,0
1656293413.png,0
1656293415.png,0
1656293417.png,0
1656293419.png,0
1656293421.png,0
1656293423.png,0
1656293425.png,0
1656293427.png,0
1656293428_offline.png,0
1656293429.png,0
1656293431.png,0
1656293433.png,0
1656293435.png,0
1656293437.png,0
1656293439.png,0
1656293441.png,0
1656293443.png,0
1656293445.png,0
1656293447.png,0
1656293449.png,0
1656293451.png,0
1656293453.png,0
1656293455.png,0
1656293457.png,0
1656293459.png,0
1656293461.png,0
1656293462_offline.png,0
1656293463.png,0
1656293465.png,0
1656293467.png,0
1656293469.png,0
1656293471.png,0
1656293473.png,0
1656293475.png,0
1656293477.png,0
1656293479.png,0
1656293481.png,0
1656293483.png,0
1656293485.png,0
1656293487.png,0
1656293489.png,0
1656293491.png,0
1656293493.png,0
1656293495.png,0
1656293497.png,0
1656293499.png,0
1656293501.png,0
1656293503.png,0
1656293505.png,0
1656293507.png,0
1656293509.png,0
1656293511.png,0
1656293513.png,0
1656293515.png,0
1656293517.png,0
1656293519.png,0
1656293521.png,0
1656293523.png,0
1656293525.png,0
1656293527.png,0
1656293529.png,0
1656293531.png,0
1656293533.png,0
1656293535.png,0
1656293537.png,0
1656293539.png,0
1656293541.png,0
1656293543.png,0
1656293545.png,0
1656293547.png,0
1656293549.png,0
1656293551.png,0
1656293553.png,0
1656293555.png,0
1656293557.png,0
1656293559.png,0
1656293561.png,0
1656293563.png,0
1656293565.png,0
1656293568_offline.png,0
1656293570.png,0
1656293572.png,0
1656293574.png,0
1656293576.png,0
1656293578.png,0
1656293580.png,0
1656293582.png,0
1656293584.png,0
1656293586.png,0
1656293588.png,0
1656293590.png,0
1656293592.png,0
1656293594.png,0
1656293596.png,0
1656293598.png,0
1656293599.png,0
1656293602_offline.png,0
1656293604.png,0
1656293606.png,0
1656293608.png,0
1656293610.png,0
1656293612.png,0
1656293614.png,0
1656293616.png,0
1656293618.png,0
1656293620.png,0
1656293622.png,0
1656293624.png,0
1656293626.png,0
1656293628.png,0
1656293630.png,0
1656293632.png,0
1656293634.png,0
1656293636.png,0
1656293638.png,0
1656293640.png,0
1656293642.png,0
1656293644.png,0
1656293646.png,0
1656293648.png,0
1656293650.png,0
1656293652.png,0
1656293654.png,0
1656293655_offline.png,0
1656293657.png,0
1656293659.png,0
1656293661.png,0
1656293663.png,0
1656293665.png,0
1656293667.png,0
1656293669.png,0
1656293671.png,0
1656293673.png,0
1656293674_offline.png,0
1656293675.png,0
1656293677.png,0
1656293679.png,0
1656293681.png,0
1656293683.png,0
1656293685.png,0
1656293687.png,0
1656293689.png,0
1656293691.png,0
1656293693.png,0
1656293695.png,0
1656293697.png,0
1656293699.png,0
1656293701.png,0
1656293703.png,0
1656293705.png,0
1656293708_offline.png,0
1656293710.png,0
1656293712.png,0
1656293714.png,0
1656293716.png,0
1656293718.png,0
1656293720.png,0
1656293722.png,0
1656293724.png,0
1656293726.png,0
1656293728.png,0
1656293730.png,0
1656293732.png,0
1656293734.png,0
1656293736.png,0
1656293738.png,0
1656293740.png,0
1656293744_offline.png,0
1656293745.png,0
1656293746.png,0
1656293749.png,0
1656293751.png,0
1656293753.png,0
1656293755.png,0
1656293757.png,0
1656293759.png,0
1656293761.png,0
1656293763.png,0
1656293765.png,0
1656293767.png,0
1656293769.png,0
1656293771.png,0
1656293773.png,0
1656293775.png,0
1656293777.png,0
1656293779.png,0
1656293781.png,0
1656293783.png,0
1656293785.png,0
1656293787.png,0
1656293789.png,0
1656293791.png,0
1656293793.png,0
1656293794.png,0
1656293796.png,0
1656293798.png,0
1656293800.png,0
1656293802.png,0
1656293804.png,0
1656293806.png,0
1656293808.png,0
1656293810.png,0
1656293812.png,1
1656293814.png,1
1656293817.png,1
1656293819.png,1
1656293821.png,0
1656293823.png,0
1656293825.png,0
1656293827.png,0
1656293829.png,0
1656293831.png,0
1656293833.png,0
1656293835.png,0
1656293837.png,0
1656293839.png,0
1656293841.png,0
1656293843.png,0
1656293845.png,0
1656293847_offline.png,0
1656293849.png,0
1656293851.png,0
1656293853.png,0
1656293855.png,0
1656293856.png,0
1656293858.png,0
1656293860.png,0
1656293862.png,0
1656293864.png,0
1656293866.png,0
1656293868.png,0
1656293870.png,0
1656293872.png,0
1656293873_offline.png,0
1656293874.png,0
1656293876.png,0
1656293878.png,0
1656293880.png,0
1656293882.png,0
1656293883_offline.png,0
1656293884.png,0
1656293886.png,0
1656293888.png,0
1656293890.png,0
1656293892.png,0
1656293894.png,0
1656293896.png,0
1656293898.png,0
1656293900.png,0
1656293902.png,0
1656293904.png,0
1656293906.png,0
1656293908.png,0
1656293910.png,0
1656293912.png,0
1656293914.png,0
1656293916.png,0
1656293918.png,0
1656293920.png,0
1656293922.png,0
1656293924.png,0
1656293926.png,0
1656293928.png,0
1656293930.png,0
1656293932.png,0
1656293934.png,0
1656293936.png,0
1656293938.png,0
1656293940.png,0
1656293942.png,0
1656293944.png,0
1656293946.png,0
1656293948.png,0
1656293950.png,0
1656293953_offline.png,0
1656293955.png,0
1656293957.png,0
1656293959.png,0
1656293961.png,0
1656293963.png,0
1656293965.png,0
1656293967.png,0
1656293969.png,0
1656293971.png,0
1656293973.png,0
1656293975.png,0
1656293977.png,0
1656293979.png,0
1656293981.png,0
1656293983.png,0
1656293985.png,0
1656293987.png,0
1656293989.png,0
1656293991.png,0
1656293993.png,0
1656293995.png,0
1656293997.png,0
1656293999.png,0
1656294001.png,0
1656294003.png,0
1656294005.png,0
1656294007.png,0
1656294009.png,0
1656294011.png,0
1656294013.png,0
1656294015.png,0
1656294017.png,0
1656294019.png,0
1656294021.png,0
1656294023.png,0
1656294025.png,0
1656294027.png,0
1656294029.png,0
1656294031.png,0
1656294033.png,0
1656294035.png,0
1656294037.png,0
1656294039.png,0
1656294041.png,0
1656294043.png,0
1656294045.png,0
1656294047.png,0
1656294049.png,0
1656294051.png,0
1656294053.png,0
1656294055.png,0
1656294058_offline.png,0
1656294059.png,0
1656294061.png,0
1656294063.png,0
1656294065.png,0
1656294067.png,0
1656294069.png,0
1656294071.png,0
1656294073.png,0
1656294075.png,0
1656294077.png,0
1656294079.png,0
1656294081.png,0
1656294083.png,0
1656294085.png,0
1656294087.png,0
1656294089.png,0
1656294092_offline.png,0
1656294093.png,0
1656294095.png,0
1656294097.png,0
1656294099.png,0
1656294101.png,0
1656294103.png,0
1656294105.png,0
1656294107.png,0
1656294109.png,0
1656294111.png,0
1656294113.png,0
1656294115.png,0
1656294117.png,0
1656294119.png,0
1656294121.png,0
1656294123.png,0
1656294126_offline.png,0
1656294127.png,0
1656294128_offline.png,0
1656294129.png,0
1656294131.png,0
1656294133.png,0
1656294135.png,0
1656294137.png,0
1656294139.png,0
1656294140.png,0
1656294142.png,0
1656294144.png,0
1656294146.png,0
1656294148.png,0
1656294150.png,0
1656294152.png,0
1656294154.png,0
1656294156.png,0
1656294158.png,0
1656294161_offline.png,0
1656294162.png,0
1656294164.png,0
1656294166.png,0
1656294168.png,0
1656294170.png,0
1656294172.png,1
1656294174.png,1
1656294176.png,1
1656294178.png,1
1656294180.png,1
1656294182.png,1
1656294184.png,1
1656294186.png,1
1656294188.png,1
1656294190.png,1
1656294192.png,1
1656294195_offline.png,1
1656294197_offline.png,1
1656294198.png,1
1656294200.png,1
1656294202.png,1
1656294204.png,1
1656294206.png,1
1656294208.png,0
1656294210.png,0
1656294212.png,0
1656294213.png,0
1656294215.png,0
1656294217.png,0
1656294219.png,0
1656294221.png,0
1656294223.png,0
1656294225.png,0
1656294227.png,0
1656294230_offline.png,0
1656294232_offline.png,0
1656294233.png,0
1656294235.png,0
1656294237.png,0
1656294239.png,0
1656294241.png,0
1656294243.png,0
1656294245.png,0
1656294247.png,0
1656294249.png,0
1656294251.png,0
1656294253.png,0
1656294255.png,0
1656294257.png,0
1656294259.png,0
1656294261.png,0
1656294263.png,0
1656294265.png,0
1656294267.png,0
1656294269.png,0
1656294271.png,0
1656294273.png,0
1656294274.png,0
1656294276.png,0
1656294278.png,0
1656294280.png,0
1656294282.png,0
1656294284.png,0
1656294286.png,0
1656294288.png,0
1656294290.png,0
1656294291_offline.png,0
1656294292.png,0
1656294294.png,0
1656294296.png,0
1656294298.png,0
1656294301_offline.png,0
1656294302.png,0
1656294304.png,0
1656294306.png,0
1656294308.png,0
1656294310.png,0
1656294312.png,0
1656294314.png,0
1656294316.png,0
1656294318.png,0
1656294320.png,0
1656294322.png,0
1656294324.png,0
1656294326.png,0
1656294328.png,0
1656294330.png,0
1656294332.png,0
1656294335_offline.png,0
1656294338_offline.png,0
1656294339.png,0
1656294341.png,0
1656294343.png,0
1656294345.png,0
1656294347.png,0
1656294349.png,0
1656294351.png,0
1656294353.png,0
1656294355.png,0
1656294357.png,0
1656294359.png,0
1656294361.png,0
1656294363.png,0
1656294365.png,0
1656294367.png,0
1656294369.png,0
1656294371.png,0
1656294373.png,0
1656294375.png,0
1656294377.png,0
1656294379.png,0
1656294381.png,0
1656294383.png,0
1656294385.png,0
1656294387.png,0
1656294389.png,0
1656294391.png,0
1656294393.png,0
1656294395.png,0
1656294397.png,0
1656294399.png,0
1656294401.png,0
1656294403.png,0
1656294406_offline.png,0
1656294407.png,0
1656294409.png,0
1656294411.png,0
1656294413.png,0
1656294415.png,0
1656294417.png,0
1656294419.png,0
1656294421.png,0
1656294422.png,0
1656294424.png,0
1656294426.png,0
1656294428.png,0
1656294430.png,0
1656294432.png,0
1656294434.png,0
1656294436.png,0
1656294438.png,0
1656294441_offline.png,0
1656294443.png,0
1656294445.png,0
1656294447.png,0
1656294449.png,0
1656294451.png,0
1656294453.png,0
1656294455.png,0
1656294457.png,0
1656294459.png,0
1656294461.png,0
1656294463.png,0
1656294465.png,0
1656294466.png,0
1656294468.png,0
1656294470.png,0
1656294472.png,0
1656294475_offline.png,0
1656294477_offline.png,0
1656294478.png,0
1656294480.png,0
1656294482.png,0
1656294484.png,0
1656294486.png,0
1656294488.png,0
1656294490.png,0
1656294492.png,0
1656294494.png,0
1656294496.png,0
1656294498.png,0
1656294500.png,0
1656294502.png,0
1656294504.png,0
1656294506.png,0
1656294508.png,0
1656294510.png,0
1656294512.png,0
1656294514.png,0
1656294516.png,0
1656294518.png,0
1656294520.png,1
1656294522.png,1
1656294524.png,0
1656294526.png,0
1656294528.png,0
1656294530.png,0
1656294532.png,0
1656294534.png,0
1656294536.png,0
1656294538.png,0
1656294540.png,0
1656294542.png,0
1656294544.png,0
1656294546.png,0
1656294548.png,0
1656294550.png,0
1656294552.png,0
1656294554.png,0
1656294556.png,0
1656294558.png,0
1656294560.png,0
1656294562.png,0
1656294564.png,0
1656294566.png,0
1656294568.png,0
1656294570.png,0
1656294572.png,0
1656294574.png,0
1656294576.png,0
1656294578.png,0
1656294580_offline.png,0
1656294582.png,0
1656294585.png,0
1656294588_offline.png,0
1656294589.png,0
1656294591.png,0
1656294593.png,0
1656294595.png,0
1656294597.png,0
1656294599.png,0
1656294601.png,0
1656294603.png,0
1656294605.png,0
1656294607.png,0
1656294609.png,0
1656294611.png,0
1656294613.png,0
1656294616_offline.png,0
1656294618_offline.png,0
1656294619.png,0
1656294621.png,0
1656294623.png,0
1656294625.png,0
1656294627.png,0
1656294629.png,0
1656294631.png,0
1656294633.png,0
1656294635.png,0
1656294637.png,1
1656294639.png,1
1656294641.png,1
1656294643.png,1
1656294645.png,1
1656294647.png,1
1656294649.png,1
1656294652_offline.png,1
1656294653.png,1
1656294655.png,1
1656294657.png,1
1656294659.png,1
1656294661.png,1
1656294663.png,1
1656294665.png,1
1656294667.png,1
1656294669.png,1
1656294671.png,1
1656294673.png,1
1656294675.png,1
1656294677.png,1
1656294679.png,1
1656294681.png,1
1656294683.png,1
1656294684.png,1
1656294687_offline.png,1
1656294688.png,1
1656294690.png,1
1656294693_offline.png,1
1656294694.png,1
1656294696.png,0
1656294698.png,0
1656294700.png,0
1656294702.png,0
1656294704.png,0
1656294706.png,0
1656294708.png,0
1656294710.png,0
1656294712.png,0
1656294714.png,0
1656294716.png,0
1656294718.png,0
1656294721_offline.png,0
1656294722.png,0
1656294723_offline.png,0
1656294725.png,0
1656294727.png,0
1656294729.png,0
1656294731.png,0
1656294733.png,0
1656294735.png,0
1656294737.png,0
1656294738.png,0
1656294741.png,0
1656294743.png,0
1656294745.png,0
1656294747.png,0
1656294749.png,0
1656294751.png,0
1656294753.png,0
1656294756_offline.png,0
1656294757.png,0
1656294759.png,0
1656294761.png,0
1656294763.png,0
1656294764_offline.png,0
1656294766.png,0
1656294768.png,0
1656294770.png,0
1656294772.png,0
1656294774.png,0
1656294776.png,0
1656294778.png,0
1656294780.png,0
1656294782.png,0
1656294784.png,0
1656294786.png,0
1656294788.png,0
1656294790.png,0
1656294792.png,0
1656294794.png,0
1656294796.png,0
1656294798.png,0
1656294800.png,0
1656294802.png,0
1656294804.png,0
1656294806.png,0
1656294808.png,0
1656294810.png,0
1656294812.png,0
1656294814.png,0
1656294816.png,0
1656294818.png,0
1656294820.png,0
1656294822.png,0
1656294824.png,0
1656294826.png,0
1656294828.png,0
1656294830.png,0
1656294832.png,0
1656294834.png,0
1656294836.png,0
1656294838.png,0
1656294840.png,0
1656294842.png,0
1656294844.png,0
1656294846.png,0
1656294848.png,0
1656294850.png,0
1656294852.png,0
1656294854.png,0
1656294856.png,0
1656294858.png,0
1656294861_offline.png,0
1656294862.png,0
1656294864.png,0
1656294866.png,0
1656294868.png,0
1656294870.png,0
1656294872.png,0
1656294874.png,0
1656294876.png,0
1656294878.png,0
1656294880.png,0
1656294882.png,0
1656294884.png,0
1656294886.png,0
1656294888.png,0
1656294890.png,0
1656294892.png,0
1656294896_offline.png,0
1656294897.png,0
1656294901.png,0
1656294903.png,0
1656294908.png,0
1656294910.png,0
1656294912.png,0
1656294915.png,0
1656294917.png,0
1656294920.png,0
1656294922.png,0
1656294924.png,0
1656294926.png,0
1656294928.png,0
1656294930.png,0
1656294932.png,0
1656294934.png,0
1656294936.png,0
1656294938.png,0
1656294940.png,0
1656294942.png,0
1656294944.png,0
1656294946.png,0
1656294948.png,0
1656294950.png,0
1656294952.png,0
1656294954.png,0
1656294956.png,0
1656294958.png,0
1656294960.png,0
1656294962.png,0
1656294965_offline.png,0
1656294966.png,0
1656294968_offline.png,0
1656294969.png,0
1656294971.png,0
1656294973.png,0
1656294975.png,0
1656294977.png,0
1656294979.png,0
1656294981.png,0
1656294982_offline.png,0
1656294984.png,0
1656294986.png,0
1656294988.png,0
1656294990.png,0
1656294992.png,0
1656294993.png,0
1656294995.png,0
1656294997.png,0
1656294999.png,0
1656295000_offline.png,0
1656295002.png,0
1656295004.png,0
1656295006.png,0
1656295008.png,0
1656295010.png,0
1656295012.png,0
1656295014.png,0
1656295016.png,0
1656295018.png,0
1656295020.png,0
1656295022.png,0
1656295024.png,0
1656295026.png,0
1656295028.png,0
1656295030.png,0
1656295032.png,0
1656295034.png,0
1656295036.png,0
1656295038.png,0
1656295040.png,0
1656295042.png,0
1656295044.png,0
1656295046.png,1
1656295048.png,1
1656295050.png,1
1656295052.png,1
1656295054.png,0
1656295056.png,0
1656295058.png,0
1656295060.png,0
1656295062.png,0
1656295064.png,0
1656295066.png,0
1656295068.png,0
1656295071_offline.png,0
1656295072.png,0
1656295074.png,0
1656295076.png,0
1656295078.png,0
1656295080.png,0
1656295082.png,0
1656295084.png,0
1656295086.png,0
1656295088.png,0
1656295090.png,0
1656295092.png,0
1656295094.png,0
1656295096.png,0
1656295097.png,0
1656295099.png,0
1656295101.png,0
1656295103.png,0
1656295105.png,0
1656295107.png,0
1656295109.png,0
1656295111.png,0
1656295113.png,0
1656295115.png,0
1656295117.png,0
1656295119.png,0
1656295121.png,0
1656295123.png,0
1656295125.png,0
1656295127.png,0
1656295129.png,0
1656295131.png,0
1656295133.png,0
1656295135.png,0
1656295137.png,0
1656295139.png,0
1656295140_offline.png,0
1656295141.png,0
1656295143.png,0
1656295145.png,0
1656295147.png,0
1656295149.png,0
1656295153.png,0
1656295155.png,0
1656295157.png,0
1656295159.png,0
1656295160.png,0
1656295162.png,0
1656295164.png,0
1656295166.png,0
1656295168.png,0
1656295170.png,0
1656295172.png,0
1656295175_offline.png,0
1656295176.png,0
1656295178.png,0
1656295180.png,0
1656295182.png,0
1656295184.png,0
1656295186.png,0
1656295189.png,0
1656295191.png,0
1656295193.png,0
1656295195.png,0
1656295197.png,0
