1672332279.png,0
1672332280.png,0
1672332282.png,0
1672332286.png,0
1672332288.png,0
1672332290.png,0
1672332293.png,0
1672332296.png,0
1672332298.png,0
1672332302.png,0
1672332304.png,0
1672332306.png,0
1672332309.png,0
1672332312.png,0
1672332317.png,0
1672332320.png,0
1672332322.png,0
1672332326.png,0
1672332328.png,0
1672332330.png,0
1672332332.png,0
1672332334.png,0
1672332336.png,0
1672332339.png,0
1672332340.png,0
1672332342.png,0
1672332344.png,0
1672332346.png,0
1672332348.png,0
1672332350.png,0
1672332352.png,0
1672332354.png,0
1672332357.png,0
1672332359.png,0
1672332360.png,0
1672332362.png,0
1672332364.png,0
1672332366.png,0
1672332368.png,0
1672332371.png,0
1672332375.png,0
1672332378.png,0
1672332379.png,0
1672332381.png,0
1672332384.png,0
1672332385.png,0
1672332387.png,0
1672332390.png,0
1672332393.png,0
1672332396.png,0
1672332399.png,0
1672332401.png,0
1672332403.png,0
1672332405.png,0
1672332409.png,0
1672332408.png,0
1672332411.png,0
1672332414.png,0
1672332415.png,0
1672332417.png,0
1672332420.png,0
1672332421.png,0
1672332424.png,0
1672332427.png,0
1672332430.png,0
1672332431.png,0
1672332433.png,0
1672332435.png,0
1672332437.png,0
1672332439.png,0
1672332441.png,0
1672332443.png,0
1672332445.png,0
1672332448.png,0
1672332449.png,0
1672332451.png,0
1672332454.png,0
1672332455.png,0
1672332457.png,0
1672332461.png,0
1672332463.png,0
1672332465.png,0
1672332467.png,0
1672332469.png,0
1672332475.png,0
1672332477.png,0
1672332479.png,0
1672332482.png,0
1672332485.png,0
1672332489.png,0
1672332491.png,0
1672332493.png,0
1672332496.png,0
1672332497.png,0
1672332499.png,0
1672332501.png,0
1672332503.png,0
1672332505.png,0
1672332508.png,0
1672332509.png,0
1672332511.png,0
1672332515.png,0
1672332514.png,0
1672332517.png,0
1672332520.png,0
1672332521.png,0
1672332523.png,0
1672332531.png,0
1672332533.png,0
1672332535.png,0
1672332537.png,0
1672332539.png,0
1672332541.png,0
1672332545.png,0
1672332544.png,0
1672332547.png,0
1672332550.png,0
1672332553.png,0
1672332555.png,0
1672332559.png,0
1672332558.png,0
1672332561.png,0
1672332565.png,0
1672332567.png,0
1672332569.png,0
1672332571.png,0
1672332573.png,0
1672332575.png,0
1672332577.png,0
1672332579.png,0
1672332583.png,0
1672332585.png,0
1672332587.png,0
1672332589.png,0
1672332592.png,0
1672332593.png,0
1672332595.png,0
1672332597.png,0
1672332599.png,0
1672332601.png,0
1672332605.png,0
1672332607.png,0
1672332609.png,0
1672332611.png,0
1672332613.png,0
1672332615.png,0
1672332617.png,0
1672332619.png,0
1672332621.png,0
1672332623.png,0
1672332625.png,0
1672332627.png,0
1672332630.png,0
1672332633.png,0
1672332638.png,0
1672332639.png,0
1672332641.png,0
1672332643.png,0
1672332645.png,0
1672332647.png,0
1672332649.png,0
1672332651.png,0
1672332653.png,0
1672332655.png,0
1672332658.png,0
1672332659.png,0
1672332661.png,0
1672332663.png,0
1672332665.png,0
1672332667.png,0
1672332100.png,1
1672332102.png,1
1672332104.png,0
1672332107.png,1
1672332108.png,1
1672332111.png,0
1672332114.png,0
1672332116.png,0
1672332118.png,0
1672332132.png,1
1672332131.png,0
1672332134.png,0
1672332136.png,0
1672332138.png,0
1672332142.png,0
1672332141.png,0
1672332145.png,0
1672332148.png,0
1672332151.png,0
1672332152.png,0
1672332155.png,0
1672332158.png,0
1672332160.png,0
1672332162.png,0
1672332165.png,0
1672332166.png,0
1672332168.png,0
1672332170.png,0
1672332172.png,0
1672332176.png,0
1672332175.png,0
1672332178.png,0
1672332180.png,0
1672332182.png,0
1672332186.png,0
1672332185.png,1
1672332188.png,0
1672332190.png,1
1672332192.png,1
1672332194.png,1
1672332196.png,0
1672332200.png,0
1672332202.png,1
1672332205.png,1
1672332206.png,1
1672332208.png,1
1672332210.png,1
1672332212.png,1
1672332216.png,1
1672332218.png,1
1672332222.png,1
1672332221.png,1
1672332224.png,1
1672332226.png,0
1672332228.png,0
1672332230.png,0
1672332232.png,0
1672332234.png,0
1672332236.png,0
1672332238.png,0
1672332240.png,0
1672332242.png,0
1672332244.png,0
1672332246.png,0
1672332248.png,0
1672332250.png,0
1672332252.png,0
1672332254.png,0
1672332256.png,0
1672332258.png,0
1672332260.png,0
1672332262.png,0
1672332264.png,0
1672332266.png,0
1672332268.png,0
1672332272.png,0
1672332274.png,1